tenantId,tenantName,email_address,Table_Header_1,Table_Content_1,Custom_Header_1,Custom_Name_1,Custom_Value_1,Table_Header_2,Table_Content_2,Custom_Header_2,Custom_Name_2,Custom_Value_2,Table_Header_3,Table_Content_3,Additional_Emails
ocid1.tenancy.oc1..aaaaaaaac060d5e18dd58bf3bd2c9101976e8603,,,Region,ap-singapore-1,,,,,,,,,,,
ocid1.tenancy.oc1..aaaaaaaa59378eb69a846577cf502e46e87ceb6e,,,Region,ap-singapore-1,,,,,,,,,,,
ocid1.tenancy.oc1..aaaaaaaa3bc4f31fa985278527408a1494729673,,,Region,ap-singapore-1,,,,,,,,,,,
ocid1.tenancy.oc1..aaaaaaaa1990fe22762a8e0006394f531b4366bf,,,Region,ap-singapore-1,,,,,,,,,,,
ocid1.tenancy.oc1..aaaaaaaae89c324df5392a6a23892fe2a6ef4090,,,Region,ap-singapore-1,,,,,,,,,,,
ocid1.tenancy.oc1..aaaaaaaadeaf91ab04cae005870bc58336152a23,,,Region,ap-singapore-1,,,,,,,,,,,
ocid1.tenancy.oc1..aaaaaaaa942df1d590d02d05ef761c6c8367f99c,,,Region,ap-singapore-1,,,,,,,,,,,
ocid1.tenancy.oc1..aaaaaaaa4eb38007c19dd5d04eff1d4ecba655d5,,,Region,ap-singapore-1,,,,,,,,,,,
ocid1.tenancy.oc1..aaaaaaaa157b116d2525f337ab7f30394f5900ec,,,Region,ap-singapore-1,,,,,,,,,,,
